InventoryId,ScheduleId,AircraftType,DepartureDate,ArrivalDate,DepartureAirport,ArrivalAirport,DepartureTime,ArrivalTime
INV-ZZ-1875551,SCH-ZZ-7283355,Boeing 787,05/25/2024,05/25/2024,CNN,NNR,4:37,6:57
INV-ZZ-1875562,SCH-ZZ-7283355,Boeing 787,05/25/2024,05/25/2024,NNR,MAA,9:20,11:59
INV-ZZ-1875567,SCH-ZZ-7283355,Boeing 787,05/25/2024,05/25/2024,GGA,NNR,6:57,8:40
INV-ZZ-1875565,SCH-ZZ-7283355,Boeing 787,05/25/2024,05/25/2024,CNN,MAD,6:57,11:59
INV-ZZ-1875564,SCH-ZZ-7283355,Boeing 787,05/25/2024,05/25/2024,CNN,MAD,6:57,11:59
INV-ZZ-1875559,SCH-ZZ-7283355,Boeing 787,05/25/2024,05/25/2024,CNN,MAA,4:37,12:50
INV-ZZ-2847882,SCH-ZZ-7283355,Boeing 787,05/26/2024,05/26/2024,CNN,MAA,4:37,12:50
INV-ZZ-2048509,SCH-ZZ-7283355,Boeing 787,06/01/2024,06/01/2024,CNN,MAA,4:37,12:50
INV-ZZ-4381149,SCH-ZZ-8305184,Airbus A320 Neo,08/23/2024,08/23/2024,CCJ,MAA,22:42,6:43
INV-ZZ-8169821,SCH-ZZ-8305184,Airbus A320 Neo,08/24/2024,08/24/2024,CCJ,MAA,22:42,6:43
INV-ZZ-5260106,SCH-ZZ-7310425,Boeing 767,08/18/2024,08/18/2024,AMD,HYD,13:55,20:40
INV-ZZ-1682061,SCH-ZZ-3126325,ATR 72,01/11/2024,01/11/2024,GOI,DEL,4:32,6:05
INV-ZZ-2831256,SCH-ZZ-3126325,ATR 72,01/12/2024,01/12/2024,GOI,DEL,13:02,15:16
INV-ZZ-2175571,SCH-ZZ-3126325,ATR 72,02/09/2024,02/09/2024,GOI,DEL,16:12,10:06
INV-ZZ-2361128,SCH-ZZ-3126325,ATR 72,02/13/2024,02/13/2024,GOI,DEL,16:53,12:06
INV-ZZ-8624303,SCH-ZZ-4285322,Boeing 787,03/06/2024,03/06/2024,HYD,DEL,20:38,13:57
INV-ZZ-2487839,SCH-ZZ-4285322,Boeing 787,03/07/2024,03/07/2024,HYD,DEL,18:46,0:06
INV-ZZ-8710804,SCH-ZZ-4285322,Boeing 787,03/27/2024,03/27/2024,HYD,DEL,21:14,20:24
INV-ZZ-2689731,SCH-ZZ-4285322,Boeing 787,03/28/2024,03/28/2024,HYD,DEL,18:50,7:12
INV-ZZ-3037082,SCH-ZZ-4285322,Boeing 787,03/29/2024,03/29/2024,HYD,DEL,13:58,8:18
INV-ZZ-8761059,SCH-ZZ-4285322,Boeing 787,03/30/2024,03/30/2024,HYD,DEL,6:31,1:00
INV-ZZ-1617666,SCH-ZZ-5124267,Airbus A320-200,04/01/2024,04/01/2024,BBI,LKO,5:34,6:38
INV-ZZ-8849583,SCH-ZZ-5124267,Airbus A320-200,04/16/2024,04/16/2024,BBI,LKO,16:12,10:06
INV-ZZ-4896316,SCH-ZZ-1892641,Boeing 787,02/09/2024,02/09/2024,LKO,IDR,8:01,8:17
INV-ZZ-4224955,SCH-ZZ-4219268,Boeing 787,02/24/2024,02/24/2024,GAU,BLR,0:39,21:05
INV-ZZ-4233206,SCH-ZZ-4219268,Boeing 787,02/27/2024,02/27/2024,GAU,BLR,16:53,12:06
INV-ZZ-3665854,SCH-ZZ-8409294,Boeing 787,02/17/2024,02/17/2024,CNN,MAA,20:49,12:30
INV-ZZ-1005162,SCH-ZZ-8409294,Boeing 787,02/18/2024,02/18/2024,CNN,MAA,4:02,20:34
INV-ZZ-2694616,SCH-ZZ-7787481,Boeing 787,12/22/2023,12/22/2023,GOI,DEL,20:09,22:12
INV-ZZ-3238963,SCH-ZZ-7787481,Boeing 787,12/24/2023,12/24/2023,GOI,DEL,23:47,2:27
INV-ZZ-4607320,SCH-ZZ-7787481,Boeing 787,12/25/2023,12/25/2023,GOI,DEL,13:33,9:22
INV-ZZ-3715300,SCH-ZZ-7787481,Boeing 787,12/27/2023,12/27/2023,GOI,DEL,19:45,22:07
INV-ZZ-7580733,SCH-ZZ-7787481,Boeing 787,12/28/2023,12/28/2023,GOI,DEL,2:21,23:44
INV-ZZ-5409981,SCH-ZZ-2526622,Boeing 757,12/12/2023,12/12/2023,COK,GAU,6:47,14:05
INV-ZZ-8022558,SCH-ZZ-2526622,Boeing 757,12/13/2023,12/13/2023,COK,GAU,4:53,7:29
INV-ZZ-7150252,SCH-ZZ-2526622,Boeing 757,12/15/2023,12/15/2023,COK,GAU,10:23,20:48
INV-ZZ-9638076,SCH-ZZ-2526622,Boeing 757,12/16/2023,12/16/2023,COK,GAU,16:53,21:53
INV-ZZ-3646368,SCH-ZZ-2526622,Boeing 757,12/17/2023,12/17/2023,COK,GAU,10:45,18:58
INV-ZZ-8006865,SCH-ZZ-2526622,Boeing 757,12/19/2023,12/19/2023,COK,GAU,23:30,21:28
INV-ZZ-7884055,SCH-ZZ-7873449,Airbus A321-200,12/10/2023,12/10/2023,LKO,IDR,7:35,21:24
INV-ZZ-5703007,SCH-ZZ-7873449,Airbus A321-200,12/12/2023,12/12/2023,LKO,IDR,5:27,21:31
INV-ZZ-3954363,SCH-ZZ-7873449,Airbus A321-200,12/17/2023,12/17/2023,LKO,IDR,2:05,3:05
INV-ZZ-4162301,SCH-ZZ-1430826,Boeing 717,12/14/2023,12/14/2023,GAU,LKO,6:25,21:34
INV-ZZ-5279186,SCH-ZZ-1430826,Boeing 717,12/15/2023,12/15/2023,GAU,LKO,8:16,4:53
INV-ZZ-8034577,SCH-ZZ-1430826,Boeing 717,12/16/2023,12/16/2023,GAU,LKO,13:27,10:37
INV-ZZ-4449322,SCH-ZZ-1430826,Boeing 717,12/17/2023,12/17/2023,GAU,LKO,8:21,16:34
INV-ZZ-5515021,SCH-ZZ-1430826,Boeing 717,12/18/2023,12/18/2023,GAU,LKO,0:01,22:08
INV-ZZ-1529206,SCH-ZZ-1430826,Boeing 717,12/19/2023,12/19/2023,GAU,LKO,2:11,23:15
INV-ZZ-1569619,SCH-ZZ-1430826,Boeing 717,12/21/2023,12/21/2023,GAU,LKO,11:13,11:41
INV-ZZ-8604755,SCH-ZZ-3966909,Boeing 777-300,12/18/2023,12/18/2023,TRV,PNQ,14:32,4:56
INV-ZZ-1880570,SCH-ZZ-3966909,Boeing 777-300,12/22/2023,12/22/2023,TRV,PNQ,21:02,15:30
INV-ZZ-4729817,SCH-ZZ-3966909,Boeing 777-300,12/23/2023,12/23/2023,TRV,PNQ,11:26,21:02
INV-ZZ-2167606,SCH-ZZ-3966909,Boeing 777-300,12/24/2023,12/24/2023,TRV,PNQ,16:56,21:11
INV-ZZ-5038220,SCH-ZZ-3966909,Boeing 777-300,12/25/2023,12/25/2023,TRV,PNQ,22:42,6:43
INV-ZZ-8375635,SCH-ZZ-3537600,BAe 146,12/27/2023,12/27/2023,MAA,IDR,13:55,20:40
INV-ZZ-5134950,SCH-ZZ-3537600,BAe 146,12/30/2023,12/30/2023,MAA,IDR,4:32,6:05
INV-ZZ-6866289,SCH-ZZ-4493283,Boeing 757,12/29/2023,12/29/2023,PAT,COK,13:02,15:16
INV-ZZ-5376283,SCH-ZZ-4493283,Boeing 757,12/30/2023,12/30/2023,PAT,COK,16:12,10:06
INV-ZZ-6069272,SCH-ZZ-4493283,Boeing 757,12/31/2023,12/31/2023,PAT,COK,16:53,12:06
INV-ZZ-1004193,SCH-ZZ-4493283,Boeing 757,01/01/2024,01/01/2024,PAT,COK,20:38,13:57
INV-ZZ-2219734,SCH-ZZ-4493283,Boeing 757,01/03/2024,01/03/2024,PAT,COK,18:46,0:06
INV-ZZ-8740997,SCH-ZZ-1238701,Boeing 717,12/21/2023,12/21/2023,PAT,PNQ,21:14,20:24
INV-ZZ-4944518,SCH-ZZ-1238701,Boeing 717,12/22/2023,12/22/2023,PAT,PNQ,18:50,7:12
INV-ZZ-6603237,SCH-ZZ-1238701,Boeing 717,12/24/2023,12/24/2023,PAT,PNQ,13:58,8:18
INV-ZZ-7425182,SCH-ZZ-1238701,Boeing 717,12/26/2023,12/26/2023,PAT,PNQ,6:31,1:00
INV-ZZ-7441928,SCH-ZZ-1238701,Boeing 717,12/27/2023,12/27/2023,PAT,PNQ,5:34,6:38
INV-ZZ-9925271,SCH-ZZ-1238701,Boeing 717,12/28/2023,12/28/2023,PAT,PNQ,16:12,10:06
INV-ZZ-9128794,SCH-ZZ-1238701,Boeing 717,12/29/2023,12/29/2023,PAT,PNQ,8:01,8:17
INV-ZZ-4710578,SCH-ZZ-1238701,Boeing 717,12/31/2023,12/31/2023,PAT,PNQ,0:39,21:05
INV-ZZ-3278407,SCH-ZZ-6640588,Boeing 777,12/07/2023,12/07/2023,JAI,BOM,16:53,12:06
INV-ZZ-4555543,SCH-ZZ-6640588,Boeing 777,12/09/2023,12/09/2023,JAI,BOM,20:49,12:30
INV-ZZ-4390806,SCH-ZZ-6640588,Boeing 777,12/11/2023,12/11/2023,JAI,BOM,4:02,20:34
INV-ZZ-8284959,SCH-ZZ-6640588,Boeing 777,12/12/2023,12/12/2023,JAI,BOM,20:09,22:12
INV-ZZ-4743165,SCH-ZZ-6640588,Boeing 777,12/14/2023,12/14/2023,JAI,BOM,23:47,2:27
INV-ZZ-5867641,SCH-ZZ-6640588,Boeing 777,12/16/2023,12/16/2023,JAI,BOM,13:33,9:22
INV-ZZ-9399557,SCH-ZZ-6640588,Boeing 777,12/18/2023,12/18/2023,JAI,BOM,19:45,22:07
INV-ZZ-2185698,SCH-ZZ-6640588,Boeing 777,12/19/2023,12/19/2023,JAI,BOM,2:21,23:44
INV-ZZ-8729559,SCH-ZZ-6640588,Boeing 777,12/21/2023,12/21/2023,JAI,BOM,6:47,14:05
INV-ZZ-5077896,SCH-ZZ-8515821,Boeing 787,12/14/2023,12/14/2023,DEL,GAU,4:53,7:29
INV-ZZ-2172300,SCH-ZZ-8515821,Boeing 787,12/18/2023,12/18/2023,DEL,GAU,10:23,20:48
INV-ZZ-8636981,SCH-ZZ-9131256,Airbus A320 Neo,12/21/2023,12/21/2023,HYD,CJB,16:53,21:53
INV-ZZ-6462152,SCH-ZZ-9131256,Airbus A320 Neo,12/22/2023,12/22/2023,HYD,CJB,10:45,18:58
INV-ZZ-2817560,SCH-ZZ-9131256,Airbus A320 Neo,12/24/2023,12/24/2023,HYD,CJB,23:30,21:28
INV-ZZ-6643630,SCH-ZZ-9131256,Airbus A320 Neo,12/26/2023,12/26/2023,HYD,CJB,7:35,21:24
INV-ZZ-7701109,SCH-ZZ-9131256,Airbus A320 Neo,12/27/2023,12/27/2023,HYD,CJB,5:27,21:31
INV-ZZ-1490701,SCH-ZZ-9131256,Airbus A320 Neo,12/28/2023,12/28/2023,HYD,CJB,2:05,3:05
INV-ZZ-2651183,SCH-ZZ-5438667,Airbus A321-200,12/26/2023,12/26/2023,CJB,AMD,6:25,21:34
INV-ZZ-5508625,SCH-ZZ-5438667,Airbus A321-200,01/02/2024,01/02/2024,CJB,AMD,8:16,4:53
INV-ZZ-8516342,SCH-ZZ-7813337,Boeing 777-300,12/15/2023,12/15/2023,IDR,BBI,13:27,10:37
INV-ZZ-7260306,SCH-ZZ-7813337,Boeing 777-300,12/18/2023,12/18/2023,IDR,BBI,8:21,16:34
INV-ZZ-6371743,SCH-ZZ-7813337,Boeing 777-300,12/19/2023,12/19/2023,IDR,BBI,0:01,22:08
INV-ZZ-5998031,SCH-ZZ-7813337,Boeing 777-300,12/22/2023,12/22/2023,IDR,BBI,2:11,23:15
INV-ZZ-8646275,SCH-ZZ-7813337,Boeing 777-300,12/25/2023,12/25/2023,IDR,BBI,11:13,11:41
INV-ZZ-2589778,SCH-ZZ-7813337,Boeing 777-300,12/26/2023,12/26/2023,IDR,BBI,23:47,2:27
INV-ZZ-6188205,SCH-ZZ-7813337,Boeing 777-300,12/29/2023,12/29/2023,IDR,BBI,13:33,9:22
INV-ZZ-5686230,SCH-ZZ-3794224,ATR 72,12/28/2023,12/28/2023,CCJ,PNQ,19:45,22:07
INV-ZZ-6229871,SCH-ZZ-3794224,ATR 72,12/29/2023,12/29/2023,CCJ,PNQ,2:21,23:44
INV-ZZ-1641448,SCH-ZZ-3794224,ATR 72,12/30/2023,12/30/2023,CCJ,PNQ,6:47,14:05
INV-ZZ-6573953,SCH-ZZ-3794224,ATR 72,12/31/2023,12/31/2023,CCJ,PNQ,4:53,7:29
INV-ZZ-9187090,SCH-ZZ-3794224,ATR 72,01/01/2024,01/01/2024,CCJ,PNQ,10:23,20:48
INV-ZZ-2907280,SCH-ZZ-3794224,ATR 72,01/03/2024,01/03/2024,CCJ,PNQ,16:53,21:53
INV-ZZ-5351857,SCH-ZZ-3794224,ATR 72,01/04/2024,01/04/2024,CCJ,PNQ,10:45,18:58
INV-ZZ-1134443,SCH-ZZ-8842436,Airbus A321 Neo,01/04/2024,01/04/2024,TRV,CCU,23:47,2:27
INV-ZZ-4792309,SCH-ZZ-8842436,Airbus A321 Neo,01/05/2024,01/05/2024,TRV,CCU,13:33,9:22
INV-ZZ-5480207,SCH-ZZ-8842436,Airbus A321 Neo,01/07/2024,01/07/2024,TRV,CCU,19:45,22:07
INV-ZZ-8319714,SCH-ZZ-8842436,Airbus A321 Neo,01/11/2024,01/11/2024,TRV,CCU,2:21,23:44
INV-ZZ-8628396,SCH-ZZ-5791697,Boeing 787,12/08/2023,12/08/2023,CCJ,MAA,6:47,14:05
INV-ZZ-1838482,SCH-ZZ-5791697,Boeing 787,12/11/2023,12/11/2023,CCJ,MAA,4:53,7:29
INV-ZZ-3600045,SCH-ZZ-5791697,Boeing 787,12/12/2023,12/12/2023,CCJ,MAA,10:23,20:48
INV-ZZ-3990003,SCH-ZZ-1589654,Boeing 777-300,12/04/2023,12/04/2023,CNN,COK,16:53,21:53
INV-ZZ-4240018,SCH-ZZ-1589654,Boeing 777-300,12/06/2023,12/06/2023,CNN,COK,10:45,18:58
INV-ZZ-8419713,SCH-ZZ-1589654,Boeing 777-300,12/07/2023,12/07/2023,CNN,COK,23:30,21:28
INV-ZZ-8548370,SCH-ZZ-1589654,Boeing 777-300,12/09/2023,12/09/2023,CNN,COK,7:35,21:24
INV-ZZ-9102187,SCH-ZZ-1589654,Boeing 777-300,12/11/2023,12/11/2023,CNN,COK,5:27,21:31
INV-ZZ-7672817,SCH-ZZ-3663516,Boeing 767,12/09/2023,12/09/2023,TRV,PNQ,2:05,3:05
INV-ZZ-6656572,SCH-ZZ-3663516,Boeing 767,12/11/2023,12/11/2023,TRV,PNQ,6:25,21:34
INV-ZZ-9476246,SCH-ZZ-3663516,Boeing 767,12/12/2023,12/12/2023,TRV,PNQ,8:16,4:53
INV-ZZ-5252903,SCH-ZZ-1589389,Airbus A321 Neo,12/17/2023,12/17/2023,GOI,BLR,23:47,2:27
INV-ZZ-1870784,SCH-ZZ-1589389,Airbus A321 Neo,12/19/2023,12/19/2023,GOI,BLR,13:33,9:22
INV-ZZ-7756605,SCH-ZZ-1589389,Airbus A321 Neo,12/20/2023,12/20/2023,GOI,BLR,19:45,22:07
INV-ZZ-8235676,SCH-ZZ-9004907,Boeing 757,12/09/2023,12/09/2023,MAA,DEL,2:21,23:44
INV-ZZ-3615644,SCH-ZZ-9004907,Boeing 757,12/13/2023,12/13/2023,MAA,DEL,6:47,14:05
INV-ZZ-9574355,SCH-ZZ-9004907,Boeing 757,12/14/2023,12/14/2023,MAA,DEL,4:53,7:29
INV-ZZ-2503493,SCH-ZZ-9004907,Boeing 757,12/15/2023,12/15/2023,MAA,DEL,10:23,20:48
INV-ZZ-5777553,SCH-ZZ-9004907,Boeing 757,12/16/2023,12/16/2023,MAA,DEL,16:53,21:53
INV-ZZ-9802285,SCH-ZZ-2438777,Airbus A320 Neo,12/06/2023,12/06/2023,AMD,CNN,10:45,18:58
INV-ZZ-6511805,SCH-ZZ-2438777,Airbus A320 Neo,12/08/2023,12/08/2023,AMD,CNN,23:30,21:28
INV-ZZ-6928277,SCH-ZZ-2438777,Airbus A320 Neo,12/11/2023,12/11/2023,AMD,CNN,7:35,21:24
INV-ZZ-5133565,SCH-ZZ-2438777,Airbus A320 Neo,12/13/2023,12/13/2023,AMD,CNN,5:27,21:31
INV-ZZ-6330495,SCH-ZZ-2438777,Airbus A320 Neo,12/15/2023,12/15/2023,AMD,CNN,2:05,3:05
INV-ZZ-3496027,SCH-ZZ-1474449,Boeing 767,12/13/2023,12/13/2023,CCU,MAA,6:25,21:34
INV-ZZ-9486315,SCH-ZZ-1474449,Boeing 767,12/14/2023,12/14/2023,CCU,MAA,8:16,4:53
INV-ZZ-1996191,SCH-ZZ-1474449,Boeing 767,12/15/2023,12/15/2023,CCU,MAA,16:53,12:06
INV-ZZ-8180279,SCH-ZZ-1474449,Boeing 767,12/16/2023,12/16/2023,CCU,MAA,20:38,13:57
INV-ZZ-6609709,SCH-ZZ-8297347,ATR 72,12/11/2023,12/11/2023,COK,IDR,18:46,0:06
INV-ZZ-9954670,SCH-ZZ-8297347,ATR 72,12/14/2023,12/14/2023,COK,IDR,21:14,20:24
INV-ZZ-7561032,SCH-ZZ-8297347,ATR 72,12/15/2023,12/15/2023,COK,IDR,18:50,7:12
INV-ZZ-6290023,SCH-ZZ-8297347,ATR 72,12/16/2023,12/16/2023,COK,IDR,13:58,8:18
INV-ZZ-2803868,SCH-ZZ-2469436,Airbus A320 Neo,12/16/2023,12/16/2023,BOM,HYD,6:31,1:00
INV-ZZ-5287658,SCH-ZZ-2469436,Airbus A320 Neo,12/18/2023,12/18/2023,BOM,HYD,5:34,6:38
INV-ZZ-6384940,SCH-ZZ-2469436,Airbus A320 Neo,12/21/2023,12/21/2023,BOM,HYD,16:12,10:06
INV-ZZ-4860802,SCH-ZZ-2469436,Airbus A320 Neo,12/22/2023,12/22/2023,BOM,HYD,8:01,8:17
INV-ZZ-5517306,SCH-ZZ-2469436,Airbus A320 Neo,12/23/2023,12/23/2023,BOM,HYD,0:39,21:05
INV-ZZ-5617258,SCH-ZZ-4332641,Airbus A320-200,12/11/2023,12/11/2023,AMD,CNN,16:53,12:06
INV-ZZ-7031598,SCH-ZZ-4332641,Airbus A320-200,12/13/2023,12/13/2023,AMD,CNN,20:49,12:30
INV-ZZ-5217721,SCH-ZZ-4332641,Airbus A320-200,12/14/2023,12/14/2023,AMD,CNN,4:02,20:34
INV-ZZ-2488003,SCH-ZZ-4332641,Airbus A320-200,12/15/2023,12/15/2023,AMD,CNN,20:09,22:12
INV-ZZ-4866602,SCH-ZZ-4332641,Airbus A320-200,12/16/2023,12/16/2023,AMD,CNN,23:47,2:27
INV-ZZ-1753814,SCH-ZZ-4332641,Airbus A320-200,12/18/2023,12/18/2023,AMD,CNN,13:33,9:22
INV-ZZ-9071090,SCH-ZZ-4332641,Airbus A320-200,12/20/2023,12/20/2023,AMD,CNN,19:45,22:07
INV-ZZ-8974571,SCH-ZZ-4332641,Airbus A320-200,12/21/2023,12/21/2023,AMD,CNN,2:21,23:44
INV-ZZ-1166806,SCH-ZZ-4332641,Airbus A320-200,12/22/2023,12/22/2023,AMD,CNN,6:47,14:05
INV-ZZ-5968430,SCH-ZZ-4332641,Airbus A320-200,12/23/2023,12/23/2023,AMD,CNN,4:53,7:29
INV-ZZ-1445536,SCH-ZZ-2192077,Boeing 787,12/11/2023,12/11/2023,BLR,TRV,10:23,20:48
INV-ZZ-1686932,SCH-ZZ-2192077,Boeing 787,12/13/2023,12/13/2023,BLR,TRV,16:53,21:53
INV-ZZ-4028036,SCH-ZZ-2192077,Boeing 787,12/14/2023,12/14/2023,BLR,TRV,10:45,18:58
INV-ZZ-8312067,SCH-ZZ-2192077,Boeing 787,12/15/2023,12/15/2023,BLR,TRV,23:30,21:28
INV-ZZ-7440523,SCH-ZZ-6592378,Boeing 717,12/15/2023,12/15/2023,TRV,CCU,7:35,21:24
INV-ZZ-8458597,SCH-ZZ-6592378,Boeing 717,12/16/2023,12/16/2023,TRV,CCU,5:27,21:31
INV-ZZ-9118591,SCH-ZZ-6592378,Boeing 717,12/18/2023,12/18/2023,TRV,CCU,4:37,12:50
INV-ZZ-8909663,SCH-ZZ-6592378,Boeing 717,12/21/2023,12/21/2023,TRV,CCU,4:37,12:50
INV-ZZ-7393732,SCH-ZZ-6592378,Boeing 717,12/22/2023,12/22/2023,TRV,CCU,4:37,12:50
INV-ZZ-6907640,SCH-ZZ-4016963,ATR 72,12/23/2023,12/23/2023,GAU,BOM,22:42,6:43
INV-ZZ-8573874,SCH-ZZ-4016963,ATR 72,12/25/2023,12/25/2023,GAU,BOM,22:42,6:43
INV-ZZ-6315145,SCH-ZZ-4016963,ATR 72,12/27/2023,12/27/2023,GAU,BOM,13:55,20:40
INV-ZZ-3551708,SCH-ZZ-3013947,Airbus A320-200,12/24/2023,12/24/2023,CNN,MAA,4:32,6:05
INV-ZZ-9987381,SCH-ZZ-3013947,Airbus A320-200,12/25/2023,12/25/2023,CNN,MAA,13:02,15:16
INV-ZZ-6767886,SCH-ZZ-3013947,Airbus A320-200,12/27/2023,12/27/2023,CNN,MAA,16:12,10:06
INV-ZZ-6656663,SCH-ZZ-3013947,Airbus A320-200,12/28/2023,12/28/2023,CNN,MAA,16:53,12:06
INV-ZZ-1729337,SCH-ZZ-3013947,Airbus A320-200,12/29/2023,12/29/2023,CNN,MAA,20:38,13:57
INV-ZZ-9325335,SCH-ZZ-3013947,Airbus A320-200,12/31/2023,12/31/2023,CNN,MAA,18:46,0:06
INV-ZZ-2085988,SCH-ZZ-9094190,Boeing 777,12/18/2023,12/18/2023,COK,DEL,21:14,20:24
INV-ZZ-2640504,SCH-ZZ-9094190,Boeing 777,12/19/2023,12/19/2023,COK,DEL,18:50,7:12
INV-ZZ-3399663,SCH-ZZ-9094190,Boeing 777,12/21/2023,12/21/2023,COK,DEL,13:58,8:18
INV-ZZ-1595623,SCH-ZZ-9094190,Boeing 777,12/22/2023,12/22/2023,COK,DEL,6:31,1:00
INV-ZZ-4985074,SCH-ZZ-9094190,Boeing 777,12/24/2023,12/24/2023,COK,DEL,5:34,6:38
INV-ZZ-3956076,SCH-ZZ-9094190,Boeing 777,12/25/2023,12/25/2023,COK,DEL,16:12,10:06
INV-ZZ-6351149,SCH-ZZ-9094190,Boeing 777,12/26/2023,12/26/2023,COK,DEL,8:01,8:17
INV-ZZ-4736366,SCH-ZZ-9094190,Boeing 777,12/28/2023,12/28/2023,COK,DEL,0:39,21:05
INV-ZZ-7312711,SCH-ZZ-9094190,Boeing 777,12/29/2023,12/29/2023,COK,DEL,16:53,12:06
INV-ZZ-2621915,SCH-ZZ-3882444,BAe 146,12/30/2023,12/30/2023,AMD,CNN,20:49,12:30
INV-ZZ-6189108,SCH-ZZ-3882444,BAe 146,12/31/2023,12/31/2023,AMD,CNN,4:02,20:34
INV-ZZ-6719541,SCH-ZZ-3882444,BAe 146,01/06/2024,01/06/2024,AMD,CNN,20:09,22:12
INV-ZZ-7155158,SCH-ZZ-6660445,BAe 146,12/09/2023,12/09/2023,CCJ,JAI,23:47,2:27
INV-ZZ-9098835,SCH-ZZ-6660445,BAe 146,12/10/2023,12/10/2023,CCJ,JAI,13:33,9:22
INV-ZZ-4318416,SCH-ZZ-6660445,BAe 146,12/11/2023,12/11/2023,CCJ,JAI,19:45,22:07
INV-ZZ-8512573,SCH-ZZ-6660445,BAe 146,12/16/2023,12/16/2023,CCJ,JAI,2:21,23:44
INV-ZZ-9054516,SCH-ZZ-6660445,BAe 146,12/17/2023,12/17/2023,CCJ,JAI,6:47,14:05
INV-ZZ-2256059,SCH-ZZ-6660445,BAe 146,12/18/2023,12/18/2023,CCJ,JAI,4:53,7:29
INV-ZZ-5494950,SCH-ZZ-6660445,BAe 146,12/23/2023,12/23/2023,CCJ,JAI,10:23,20:48
INV-ZZ-9376042,SCH-ZZ-6660445,BAe 146,12/24/2023,12/24/2023,CCJ,JAI,16:53,21:53
INV-ZZ-3346518,SCH-ZZ-6660445,BAe 146,12/25/2023,12/25/2023,CCJ,JAI,10:45,18:58
INV-ZZ-2346710,SCH-ZZ-6660445,BAe 146,12/30/2023,12/30/2023,CCJ,JAI,23:30,21:28
INV-ZZ-6804353,SCH-ZZ-6660445,BAe 146,12/31/2023,12/31/2023,CCJ,JAI,7:35,21:24
INV-ZZ-1929096,SCH-ZZ-6660445,BAe 146,01/01/2024,01/01/2024,CCJ,JAI,5:27,21:31
INV-ZZ-3763864,SCH-ZZ-6660445,BAe 146,01/06/2024,01/06/2024,CCJ,JAI,2:05,3:05
INV-ZZ-8746052,SCH-ZZ-5071799,Boeing 787,12/16/2023,12/16/2023,IDR,MAA,6:25,21:34
INV-ZZ-4770316,SCH-ZZ-5071799,Boeing 787,12/17/2023,12/17/2023,IDR,MAA,8:16,4:53
INV-ZZ-3300271,SCH-ZZ-5071799,Boeing 787,12/18/2023,12/18/2023,IDR,MAA,13:27,10:37
INV-ZZ-6799443,SCH-ZZ-5071799,Boeing 787,12/19/2023,12/19/2023,IDR,MAA,8:21,16:34
INV-ZZ-1571829,SCH-ZZ-5071799,Boeing 787,12/20/2023,12/20/2023,IDR,MAA,0:01,22:08
INV-ZZ-3210033,SCH-ZZ-5071799,Boeing 787,12/21/2023,12/21/2023,IDR,MAA,2:11,23:15
INV-ZZ-9588648,SCH-ZZ-5071799,Boeing 787,12/23/2023,12/23/2023,IDR,MAA,11:13,11:41
INV-ZZ-5203603,SCH-ZZ-5071799,Boeing 787,12/24/2023,12/24/2023,IDR,MAA,14:32,4:56
INV-ZZ-6920668,SCH-ZZ-5071799,Boeing 787,12/25/2023,12/25/2023,IDR,MAA,21:02,15:30
INV-ZZ-1584301,SCH-ZZ-5071799,Boeing 787,12/26/2023,12/26/2023,IDR,MAA,11:26,21:02
INV-ZZ-5480266,SCH-ZZ-5071799,Boeing 787,12/27/2023,12/27/2023,IDR,MAA,16:56,21:11
INV-ZZ-9811407,SCH-ZZ-5336077,Boeing 777-300,12/25/2023,12/25/2023,GOI,BLR,22:42,6:43
INV-ZZ-1909064,SCH-ZZ-5336077,Boeing 777-300,12/27/2023,12/27/2023,GOI,BLR,13:55,20:40
INV-ZZ-9132824,SCH-ZZ-5336077,Boeing 777-300,12/28/2023,12/28/2023,GOI,BLR,4:32,6:05
INV-ZZ-8754275,SCH-ZZ-5336077,Boeing 777-300,12/31/2023,12/31/2023,GOI,BLR,13:02,15:16
INV-ZZ-2370284,SCH-ZZ-5336077,Boeing 777-300,01/01/2024,01/01/2024,GOI,BLR,16:12,10:06
INV-ZZ-4501568,SCH-ZZ-6301036,Boeing 717,12/17/2023,12/17/2023,BBI,MAA,16:53,12:06
INV-ZZ-1069750,SCH-ZZ-6301036,Boeing 717,12/18/2023,12/18/2023,BBI,MAA,20:38,13:57
INV-ZZ-5439894,SCH-ZZ-6301036,Boeing 717,12/20/2023,12/20/2023,BBI,MAA,18:46,0:06
INV-ZZ-1190059,SCH-ZZ-6301036,Boeing 717,12/24/2023,12/24/2023,BBI,MAA,21:14,20:24
INV-ZZ-8463065,SCH-ZZ-6301036,Boeing 717,12/25/2023,12/25/2023,BBI,MAA,18:50,7:12
INV-ZZ-5941911,SCH-ZZ-6301036,Boeing 717,12/27/2023,12/27/2023,BBI,MAA,13:58,8:18
INV-ZZ-3978573,SCH-ZZ-9594677,BAe 146,12/14/2023,12/14/2023,CNN,CCU,6:31,1:00
INV-ZZ-8891904,SCH-ZZ-9594677,BAe 146,12/15/2023,12/15/2023,CNN,CCU,5:34,6:38
INV-ZZ-7066976,SCH-ZZ-9594677,BAe 146,12/16/2023,12/16/2023,CNN,CCU,16:12,10:06
INV-ZZ-7752551,SCH-ZZ-9594677,BAe 146,12/19/2023,12/19/2023,CNN,CCU,8:01,8:17
INV-ZZ-5633849,SCH-ZZ-9594677,BAe 146,12/20/2023,12/20/2023,CNN,CCU,0:39,21:05
INV-ZZ-9613077,SCH-ZZ-9594677,BAe 146,12/21/2023,12/21/2023,CNN,CCU,16:53,12:06
INV-ZZ-9349633,SCH-ZZ-9594677,BAe 146,12/22/2023,12/22/2023,CNN,CCU,20:49,12:30
INV-ZZ-8808099,SCH-ZZ-8611652,Boeing 777-300,12/09/2023,12/09/2023,BLR,IDR,4:02,20:34
INV-ZZ-9873991,SCH-ZZ-8611652,Boeing 777-300,12/11/2023,12/11/2023,BLR,IDR,20:09,22:12
INV-ZZ-4153930,SCH-ZZ-8611652,Boeing 777-300,12/12/2023,12/12/2023,BLR,IDR,23:47,2:27
INV-ZZ-8614468,SCH-ZZ-8611652,Boeing 777-300,12/13/2023,12/13/2023,BLR,IDR,13:33,9:22
INV-ZZ-5473702,SCH-ZZ-4348536,Airbus A320 Neo,12/14/2023,12/14/2023,GAU,BLR,19:45,22:07
INV-ZZ-1442968,SCH-ZZ-4348536,Airbus A320 Neo,12/16/2023,12/16/2023,GAU,BLR,2:21,23:44
INV-ZZ-3600201,SCH-ZZ-4348536,Airbus A320 Neo,12/20/2023,12/20/2023,GAU,BLR,6:47,14:05
INV-ZZ-7549585,SCH-ZZ-4348536,Airbus A320 Neo,12/21/2023,12/21/2023,GAU,BLR,4:53,7:29
INV-ZZ-4889368,SCH-ZZ-1074893,Airbus A321 Neo,12/06/2023,12/06/2023,CNN,MAA,10:23,20:48
INV-ZZ-1373383,SCH-ZZ-1074893,Airbus A321 Neo,12/07/2023,12/07/2023,CNN,MAA,16:53,21:53
INV-ZZ-6126689,SCH-ZZ-1074893,Airbus A321 Neo,12/08/2023,12/08/2023,CNN,MAA,10:45,18:58
INV-ZZ-8899235,SCH-ZZ-1074893,Airbus A321 Neo,12/11/2023,12/11/2023,CNN,MAA,23:30,21:28
INV-ZZ-9300820,SCH-ZZ-1074893,Airbus A321 Neo,12/13/2023,12/13/2023,CNN,MAA,7:35,21:24
INV-ZZ-4517440,SCH-ZZ-1074893,Airbus A321 Neo,12/14/2023,12/14/2023,CNN,MAA,5:27,21:31
INV-ZZ-6398168,SCH-ZZ-1074893,Airbus A321 Neo,12/15/2023,12/15/2023,CNN,MAA,2:05,3:05
INV-ZZ-2027860,SCH-ZZ-8192239,Boeing 777-300,12/08/2023,12/08/2023,LKO,CNN,6:25,21:34
INV-ZZ-9547389,SCH-ZZ-8192239,Boeing 777-300,12/09/2023,12/09/2023,LKO,CNN,8:16,4:53
INV-ZZ-5693771,SCH-ZZ-8192239,Boeing 777-300,12/10/2023,12/10/2023,LKO,CNN,13:27,10:37
INV-ZZ-6561950,SCH-ZZ-8192239,Boeing 777-300,12/11/2023,12/11/2023,LKO,CNN,8:21,16:34
INV-ZZ-9602069,SCH-ZZ-8192239,Boeing 777-300,12/12/2023,12/12/2023,LKO,CNN,0:01,22:08
INV-ZZ-5094382,SCH-ZZ-8192239,Boeing 777-300,12/15/2023,12/15/2023,LKO,CNN,2:11,23:15
INV-ZZ-2575220,SCH-ZZ-7229948,Airbus A320 Neo,12/10/2023,12/10/2023,CCU,COK,11:13,11:41
INV-ZZ-6108106,SCH-ZZ-7229948,Airbus A320 Neo,12/11/2023,12/11/2023,CCU,COK,23:47,2:27
INV-ZZ-3825311,SCH-ZZ-7229948,Airbus A320 Neo,12/12/2023,12/12/2023,CCU,COK,13:33,9:22
INV-ZZ-1129266,SCH-ZZ-7229948,Airbus A320 Neo,12/13/2023,12/13/2023,CCU,COK,19:45,22:07
INV-ZZ-8054282,SCH-ZZ-7229948,Airbus A320 Neo,12/14/2023,12/14/2023,CCU,COK,2:21,23:44
INV-ZZ-2986168,SCH-ZZ-4710588,Airbus A320 Neo,12/16/2023,12/16/2023,LKO,GOI,6:47,14:05
INV-ZZ-6171417,SCH-ZZ-4710588,Airbus A320 Neo,12/18/2023,12/18/2023,LKO,GOI,4:53,7:29
INV-ZZ-2396950,SCH-ZZ-1922965,Boeing 717,12/05/2023,12/05/2023,JAI,IDR,10:23,20:48
INV-ZZ-6838868,SCH-ZZ-1922965,Boeing 717,12/07/2023,12/07/2023,JAI,IDR,16:53,21:53
INV-ZZ-7806029,SCH-ZZ-1922965,Boeing 717,12/12/2023,12/12/2023,JAI,IDR,10:45,18:58
INV-ZZ-8142569,SCH-ZZ-1922965,Boeing 717,12/14/2023,12/14/2023,JAI,IDR,23:47,2:27
INV-ZZ-3403176,SCH-ZZ-4169396,Boeing 777,12/14/2023,12/14/2023,BLR,JAI,13:33,9:22
INV-ZZ-1765854,SCH-ZZ-4169396,Boeing 777,12/15/2023,12/15/2023,BLR,JAI,19:45,22:07
INV-ZZ-3808262,SCH-ZZ-4169396,Boeing 777,12/16/2023,12/16/2023,BLR,JAI,2:21,23:44
INV-ZZ-4314200,SCH-ZZ-4169396,Boeing 777,12/17/2023,12/17/2023,BLR,JAI,6:47,14:05
INV-ZZ-4648477,SCH-ZZ-4169396,Boeing 777,12/18/2023,12/18/2023,BLR,JAI,4:53,7:29
INV-ZZ-1503667,SCH-ZZ-4169396,Boeing 777,12/21/2023,12/21/2023,BLR,JAI,10:23,20:48
INV-ZZ-7732494,SCH-ZZ-9528364,BAe 146,12/20/2023,12/20/2023,TRV,BLR,16:53,21:53
INV-ZZ-6288528,SCH-ZZ-9528364,BAe 146,12/22/2023,12/22/2023,TRV,BLR,10:45,18:58
INV-ZZ-3987062,SCH-ZZ-9528364,BAe 146,12/23/2023,12/23/2023,TRV,BLR,23:30,21:28
INV-ZZ-8691008,SCH-ZZ-6454179,Boeing 717,12/04/2023,12/04/2023,IDR,BOM,7:35,21:24
INV-ZZ-4844919,SCH-ZZ-6454179,Boeing 717,12/06/2023,12/06/2023,IDR,BOM,5:27,21:31
INV-ZZ-7316617,SCH-ZZ-6454179,Boeing 717,12/07/2023,12/07/2023,IDR,BOM,2:05,3:05
INV-ZZ-4526329,SCH-ZZ-6454179,Boeing 717,12/09/2023,12/09/2023,IDR,BOM,6:25,21:34
INV-ZZ-1642089,SCH-ZZ-6454179,Boeing 717,12/10/2023,12/10/2023,IDR,BOM,8:16,4:53
INV-ZZ-1842209,SCH-ZZ-6454179,Boeing 717,12/11/2023,12/11/2023,IDR,BOM,4:37,12:50
INV-ZZ-5831476,SCH-ZZ-6454179,Boeing 717,12/13/2023,12/13/2023,IDR,BOM,4:37,12:50
INV-ZZ-4670252,SCH-ZZ-6454179,Boeing 717,12/14/2023,12/14/2023,IDR,BOM,4:37,12:50
INV-ZZ-3894020,SCH-ZZ-1854929,Boeing 717,12/12/2023,12/12/2023,MAA,CCU,22:42,6:43
INV-ZZ-2405976,SCH-ZZ-1854929,Boeing 717,12/14/2023,12/14/2023,MAA,CCU,22:42,6:43
INV-ZZ-5751192,SCH-ZZ-1854929,Boeing 717,12/15/2023,12/15/2023,MAA,CCU,13:55,20:40
INV-ZZ-9371028,SCH-ZZ-6053731,BAe 146,12/09/2023,12/09/2023,PAT,BBI,4:32,6:05
INV-ZZ-5127815,SCH-ZZ-6053731,BAe 146,12/13/2023,12/13/2023,PAT,BBI,13:02,15:16
INV-ZZ-7884675,SCH-ZZ-6053731,BAe 146,12/14/2023,12/14/2023,PAT,BBI,16:12,10:06
INV-ZZ-5524735,SCH-ZZ-3482484,Boeing 787,12/12/2023,12/12/2023,GOI,COK,16:53,12:06
INV-ZZ-3907275,SCH-ZZ-3482484,Boeing 787,12/15/2023,12/15/2023,GOI,COK,20:38,13:57
INV-ZZ-3079467,SCH-ZZ-3482484,Boeing 787,12/16/2023,12/16/2023,GOI,COK,18:46,0:06
INV-ZZ-7379125,SCH-ZZ-3482484,Boeing 787,12/17/2023,12/17/2023,GOI,COK,21:14,20:24
INV-ZZ-9720660,SCH-ZZ-3482484,Boeing 787,12/19/2023,12/19/2023,GOI,COK,18:50,7:12
INV-ZZ-1045929,SCH-ZZ-3206199,ATR 72,12/11/2023,12/11/2023,HYD,CJB,13:58,8:18
INV-ZZ-3969928,SCH-ZZ-3206199,ATR 72,12/15/2023,12/15/2023,HYD,CJB,6:31,1:00
INV-ZZ-3336014,SCH-ZZ-3206199,ATR 72,12/18/2023,12/18/2023,HYD,CJB,5:34,6:38
INV-ZZ-6258838,SCH-ZZ-3206199,ATR 72,12/22/2023,12/22/2023,HYD,CJB,16:12,10:06
INV-ZZ-3482548,SCH-ZZ-7747278,Boeing 757,12/06/2023,12/06/2023,CJB,HYD,8:01,8:17
INV-ZZ-5923746,SCH-ZZ-7747278,Boeing 757,12/08/2023,12/08/2023,CJB,HYD,0:39,21:05
INV-ZZ-7397824,SCH-ZZ-7747278,Boeing 757,12/09/2023,12/09/2023,CJB,HYD,16:53,12:06
INV-ZZ-1711463,SCH-ZZ-7747278,Boeing 757,12/12/2023,12/12/2023,CJB,HYD,20:49,12:30
INV-ZZ-1889482,SCH-ZZ-7747278,Boeing 757,12/13/2023,12/13/2023,CJB,HYD,4:02,20:34
INV-ZZ-1943272,SCH-ZZ-7747278,Boeing 757,12/15/2023,12/15/2023,CJB,HYD,20:09,22:12
INV-ZZ-3200329,SCH-ZZ-7747278,Boeing 757,12/16/2023,12/16/2023,CJB,HYD,23:47,2:27
INV-ZZ-2902972,SCH-ZZ-7747278,Boeing 757,12/19/2023,12/19/2023,CJB,HYD,13:33,9:22
INV-ZZ-4844407,SCH-ZZ-7747278,Boeing 757,12/20/2023,12/20/2023,CJB,HYD,19:45,22:07
INV-ZZ-9713330,SCH-ZZ-7747278,Boeing 757,12/22/2023,12/22/2023,CJB,HYD,2:21,23:44
INV-ZZ-1427356,SCH-ZZ-7747278,Boeing 757,12/23/2023,12/23/2023,CJB,HYD,6:47,14:05
INV-ZZ-1314423,SCH-ZZ-1331445,Boeing 757,12/16/2023,12/16/2023,CNN,HYD,4:53,7:29
INV-ZZ-7231339,SCH-ZZ-1331445,Boeing 757,12/18/2023,12/18/2023,CNN,HYD,10:23,20:48
INV-ZZ-7582344,SCH-ZZ-1331445,Boeing 757,12/20/2023,12/20/2023,CNN,HYD,16:53,21:53
INV-ZZ-5067978,SCH-ZZ-1331445,Boeing 757,12/21/2023,12/21/2023,CNN,HYD,10:45,18:58
INV-ZZ-2995397,SCH-ZZ-1331445,Boeing 757,12/22/2023,12/22/2023,CNN,HYD,23:30,21:28
INV-ZZ-9243749,SCH-ZZ-1331445,Boeing 757,12/23/2023,12/23/2023,CNN,HYD,7:35,21:24
INV-ZZ-1232037,SCH-ZZ-7048209,Airbus A321 Neo,12/09/2023,12/09/2023,BOM,PAT,5:27,21:31
INV-ZZ-7980304,SCH-ZZ-7048209,Airbus A321 Neo,12/10/2023,12/10/2023,BOM,PAT,2:05,3:05
INV-ZZ-3902250,SCH-ZZ-7048209,Airbus A321 Neo,12/11/2023,12/11/2023,BOM,PAT,6:25,21:34
INV-ZZ-7626903,SCH-ZZ-7048209,Airbus A321 Neo,12/12/2023,12/12/2023,BOM,PAT,8:16,4:53
INV-ZZ-1593033,SCH-ZZ-7048209,Airbus A321 Neo,12/13/2023,12/13/2023,BOM,PAT,13:27,10:37
INV-ZZ-6617860,SCH-ZZ-7048209,Airbus A321 Neo,12/16/2023,12/16/2023,BOM,PAT,8:21,16:34
INV-ZZ-7160729,SCH-ZZ-7048209,Airbus A321 Neo,12/17/2023,12/17/2023,BOM,PAT,0:01,22:08
INV-ZZ-5504437,SCH-ZZ-2592431,Airbus A321-200,12/09/2023,12/09/2023,JAI,CJB,2:11,23:15
INV-ZZ-7954078,SCH-ZZ-2592431,Airbus A321-200,12/12/2023,12/12/2023,JAI,CJB,11:13,11:41
INV-ZZ-7926715,SCH-ZZ-2592431,Airbus A321-200,12/14/2023,12/14/2023,JAI,CJB,14:32,4:56
INV-ZZ-9092105,SCH-ZZ-4609150,ATR 72,12/12/2023,12/12/2023,IDR,COK,21:02,15:30
INV-ZZ-4066232,SCH-ZZ-4609150,ATR 72,12/18/2023,12/18/2023,IDR,COK,11:26,21:02
INV-ZZ-1948844,SCH-ZZ-4609150,ATR 72,12/19/2023,12/19/2023,IDR,COK,16:56,21:11
INV-ZZ-4117020,SCH-ZZ-7453592,Airbus A320 Neo,12/20/2023,12/20/2023,CJB,PNQ,22:42,6:43
INV-ZZ-1286842,SCH-ZZ-7255314,Airbus A320-200,12/17/2023,12/17/2023,IDR,COK,13:55,20:40
INV-ZZ-7483019,SCH-ZZ-7255314,Airbus A320-200,12/20/2023,12/20/2023,IDR,COK,4:32,6:05
INV-ZZ-8900714,SCH-ZZ-7255314,Airbus A320-200,12/21/2023,12/21/2023,IDR,COK,13:02,15:16
INV-ZZ-6210656,SCH-ZZ-6699044,Boeing 757,12/11/2023,12/11/2023,MAA,IDR,16:12,10:06
INV-ZZ-2887660,SCH-ZZ-6699044,Boeing 757,12/13/2023,12/13/2023,MAA,IDR,16:53,12:06
INV-ZZ-3135453,SCH-ZZ-2529141,Boeing 777,12/10/2023,12/10/2023,PAT,HYD,20:38,13:57
INV-ZZ-1436051,SCH-ZZ-2529141,Boeing 777,12/11/2023,12/11/2023,PAT,HYD,18:46,0:06
INV-ZZ-6656449,SCH-ZZ-2529141,Boeing 777,12/12/2023,12/12/2023,PAT,HYD,21:14,20:24
INV-ZZ-9095558,SCH-ZZ-2529141,Boeing 777,12/13/2023,12/13/2023,PAT,HYD,18:50,7:12
INV-ZZ-3635594,SCH-ZZ-2529141,Boeing 777,12/14/2023,12/14/2023,PAT,HYD,13:58,8:18
INV-ZZ-1736100,SCH-ZZ-2529141,Boeing 777,12/17/2023,12/17/2023,PAT,HYD,6:31,1:00
INV-ZZ-7117912,SCH-ZZ-1016322,Boeing 777-300,12/09/2023,12/09/2023,GAU,HYD,5:34,6:38
INV-ZZ-5826868,SCH-ZZ-1016322,Boeing 777-300,12/12/2023,12/12/2023,GAU,HYD,16:12,10:06
INV-ZZ-2236307,SCH-ZZ-1016322,Boeing 777-300,12/13/2023,12/13/2023,GAU,HYD,8:01,8:17
INV-ZZ-7240350,SCH-ZZ-1016322,Boeing 777-300,12/16/2023,12/16/2023,GAU,HYD,0:39,21:05
INV-ZZ-6939211,SCH-ZZ-1016322,Boeing 777-300,12/19/2023,12/19/2023,GAU,HYD,16:53,12:06
INV-ZZ-2618940,SCH-ZZ-1016322,Boeing 777-300,12/20/2023,12/20/2023,GAU,HYD,20:49,12:30
INV-ZZ-5104648,SCH-ZZ-5237867,Airbus A320-200,12/11/2023,12/11/2023,COK,CCU,4:02,20:34
INV-ZZ-7489431,SCH-ZZ-5237867,Airbus A320-200,12/12/2023,12/12/2023,COK,CCU,20:09,22:12
INV-ZZ-3812565,SCH-ZZ-5237867,Airbus A320-200,12/14/2023,12/14/2023,COK,CCU,23:47,2:27
INV-ZZ-7314698,SCH-ZZ-5237867,Airbus A320-200,12/16/2023,12/16/2023,COK,CCU,13:33,9:22
INV-ZZ-7044569,SCH-ZZ-5237867,Airbus A320-200,12/18/2023,12/18/2023,COK,CCU,19:45,22:07
INV-ZZ-5054774,SCH-ZZ-5237867,Airbus A320-200,12/19/2023,12/19/2023,COK,CCU,2:21,23:44
INV-ZZ-1360498,SCH-ZZ-5237867,Airbus A320-200,12/21/2023,12/21/2023,COK,CCU,6:47,14:05
INV-ZZ-9025997,SCH-ZZ-5237867,Airbus A320-200,12/23/2023,12/23/2023,COK,CCU,4:53,7:29
INV-ZZ-2602588,SCH-ZZ-5237867,Airbus A320-200,12/25/2023,12/25/2023,COK,CCU,10:23,20:48
INV-ZZ-6049493,SCH-ZZ-5237867,Airbus A320-200,12/26/2023,12/26/2023,COK,CCU,16:53,21:53
INV-ZZ-3590805,SCH-ZZ-5949538,Airbus A321 Neo,12/06/2023,12/06/2023,CJB,HYD,10:45,18:58
INV-ZZ-3295694,SCH-ZZ-5949538,Airbus A321 Neo,12/08/2023,12/08/2023,CJB,HYD,23:30,21:28
INV-ZZ-3403536,SCH-ZZ-5949538,Airbus A321 Neo,12/10/2023,12/10/2023,CJB,HYD,7:35,21:24
INV-ZZ-8583992,SCH-ZZ-5949538,Airbus A321 Neo,12/11/2023,12/11/2023,CJB,HYD,5:27,21:31
INV-ZZ-1956044,SCH-ZZ-5949538,Airbus A321 Neo,12/13/2023,12/13/2023,CJB,HYD,2:05,3:05
INV-ZZ-1424502,SCH-ZZ-5949538,Airbus A321 Neo,12/15/2023,12/15/2023,CJB,HYD,6:25,21:34
INV-ZZ-8643109,SCH-ZZ-5949538,Airbus A321 Neo,12/17/2023,12/17/2023,CJB,HYD,8:16,4:53
INV-ZZ-1185101,SCH-ZZ-9164842,Boeing 777,12/16/2023,12/16/2023,BBI,LKO,13:27,10:37
INV-ZZ-5932937,SCH-ZZ-9164842,Boeing 777,12/20/2023,12/20/2023,BBI,LKO,8:21,16:34
INV-ZZ-6167183,SCH-ZZ-4460278,Boeing 767,12/21/2023,12/21/2023,AMD,JAI,0:01,22:08
INV-ZZ-4009158,SCH-ZZ-4460278,Boeing 767,12/24/2023,12/24/2023,AMD,JAI,2:11,23:15
INV-ZZ-1037453,SCH-ZZ-4460278,Boeing 767,12/26/2023,12/26/2023,AMD,JAI,11:13,11:41
INV-ZZ-9707530,SCH-ZZ-4460278,Boeing 767,12/27/2023,12/27/2023,AMD,JAI,23:47,2:27
INV-ZZ-7500750,SCH-ZZ-4460278,Boeing 767,12/28/2023,12/28/2023,AMD,JAI,13:33,9:22
INV-ZZ-7283904,SCH-ZZ-4745163,Boeing 777,12/05/2023,12/05/2023,AMD,JAI,19:45,22:07
INV-ZZ-4215629,SCH-ZZ-4745163,Boeing 777,12/06/2023,12/06/2023,AMD,JAI,2:21,23:44
INV-ZZ-5091630,SCH-ZZ-4745163,Boeing 777,12/09/2023,12/09/2023,AMD,JAI,6:47,14:05
INV-ZZ-3290070,SCH-ZZ-4745163,Boeing 777,12/10/2023,12/10/2023,AMD,JAI,4:53,7:29
INV-ZZ-3654932,SCH-ZZ-4745163,Boeing 777,12/11/2023,12/11/2023,AMD,JAI,10:23,20:48
INV-ZZ-6163570,SCH-ZZ-4745163,Boeing 777,12/12/2023,12/12/2023,AMD,JAI,16:53,21:53
INV-ZZ-1335716,SCH-ZZ-4745163,Boeing 777,12/13/2023,12/13/2023,AMD,JAI,10:45,18:58
INV-ZZ-5200345,SCH-ZZ-4745163,Boeing 777,12/16/2023,12/16/2023,AMD,JAI,23:47,2:27
INV-ZZ-4777337,SCH-ZZ-4745163,Boeing 777,12/17/2023,12/17/2023,AMD,JAI,13:33,9:22
INV-ZZ-4048001,SCH-ZZ-4745163,Boeing 777,12/18/2023,12/18/2023,AMD,JAI,19:45,22:07
INV-ZZ-3066483,SCH-ZZ-4745163,Boeing 777,12/19/2023,12/19/2023,AMD,JAI,2:21,23:44
INV-ZZ-3257016,SCH-ZZ-4745163,Boeing 777,12/20/2023,12/20/2023,AMD,JAI,6:47,14:05
INV-ZZ-7048653,SCH-ZZ-2990004,Boeing 787,12/21/2023,12/21/2023,PAT,BOM,4:53,7:29
INV-ZZ-5830986,SCH-ZZ-2990004,Boeing 787,12/23/2023,12/23/2023,PAT,BOM,10:23,20:48
INV-ZZ-3690792,SCH-ZZ-2990004,Boeing 787,12/26/2023,12/26/2023,PAT,BOM,16:53,21:53
INV-ZZ-3582047,SCH-ZZ-2990004,Boeing 787,12/28/2023,12/28/2023,PAT,BOM,10:45,18:58
INV-ZZ-3158771,SCH-ZZ-4180348,Boeing 777,12/19/2023,12/19/2023,BBI,GAU,23:30,21:28
INV-ZZ-1907219,SCH-ZZ-4180348,Boeing 777,12/22/2023,12/22/2023,BBI,GAU,7:35,21:24
INV-ZZ-3028040,SCH-ZZ-4180348,Boeing 777,12/23/2023,12/23/2023,BBI,GAU,5:27,21:31
INV-ZZ-3209001,SCH-ZZ-2688489,Airbus A320 Neo,12/15/2023,12/15/2023,CCU,LKO,2:05,3:05
INV-ZZ-2542122,SCH-ZZ-2688489,Airbus A320 Neo,12/16/2023,12/16/2023,CCU,LKO,6:25,21:34
INV-ZZ-4564354,SCH-ZZ-2688489,Airbus A320 Neo,12/18/2023,12/18/2023,CCU,LKO,8:16,4:53
INV-ZZ-3065635,SCH-ZZ-2688489,Airbus A320 Neo,12/22/2023,12/22/2023,CCU,LKO,4:37,12:50
INV-ZZ-9595780,SCH-ZZ-6466454,Boeing 787,12/09/2023,12/09/2023,BBI,GAU,4:37,12:50
INV-ZZ-6451668,SCH-ZZ-6466454,Boeing 787,12/16/2023,12/16/2023,BBI,GAU,4:37,12:50
INV-ZZ-8814119,SCH-ZZ-5903235,Boeing 717,12/10/2023,12/10/2023,CJB,BLR,22:42,6:43
INV-ZZ-4459626,SCH-ZZ-5903235,Boeing 717,12/13/2023,12/13/2023,CJB,BLR,22:42,6:43
INV-ZZ-7430592,SCH-ZZ-5903235,Boeing 717,12/17/2023,12/17/2023,CJB,BLR,13:55,20:40
INV-ZZ-1945290,SCH-ZZ-7320637,Boeing 787,12/11/2023,12/11/2023,GOI,BOM,4:32,6:05
INV-ZZ-1760824,SCH-ZZ-7320637,Boeing 787,12/13/2023,12/13/2023,GOI,BOM,13:02,15:16
INV-ZZ-9253386,SCH-ZZ-7320637,Boeing 787,12/14/2023,12/14/2023,GOI,BOM,16:12,10:06
INV-ZZ-8300249,SCH-ZZ-7320637,Boeing 787,12/15/2023,12/15/2023,GOI,BOM,16:53,12:06
INV-ZZ-3634363,SCH-ZZ-7320637,Boeing 787,12/16/2023,12/16/2023,GOI,BOM,20:38,13:57
INV-ZZ-7421499,SCH-ZZ-7320637,Boeing 787,12/18/2023,12/18/2023,GOI,BOM,18:46,0:06
INV-ZZ-6782674,SCH-ZZ-6644158,Boeing 777,12/14/2023,12/14/2023,LKO,IDR,21:14,20:24
INV-ZZ-4188596,SCH-ZZ-6644158,Boeing 777,12/15/2023,12/15/2023,LKO,IDR,18:50,7:12
INV-ZZ-2840882,SCH-ZZ-6644158,Boeing 777,12/16/2023,12/16/2023,LKO,IDR,13:58,8:18
INV-ZZ-4813856,SCH-ZZ-6644158,Boeing 777,12/18/2023,12/18/2023,LKO,IDR,6:31,1:00
INV-ZZ-4752192,SCH-ZZ-6644158,Boeing 777,12/21/2023,12/21/2023,LKO,IDR,5:34,6:38
INV-ZZ-5189539,SCH-ZZ-5781287,Boeing 787,12/16/2023,12/16/2023,BOM,GAU,16:12,10:06
INV-ZZ-5066596,SCH-ZZ-5781287,Boeing 787,12/17/2023,12/17/2023,BOM,GAU,8:01,8:17
INV-ZZ-6622628,SCH-ZZ-5781287,Boeing 787,12/18/2023,12/18/2023,BOM,GAU,0:39,21:05
INV-ZZ-1644868,SCH-ZZ-1972891,Boeing 777,12/10/2023,12/10/2023,MAA,HYD,16:53,12:06
INV-ZZ-6224611,SCH-ZZ-1972891,Boeing 777,12/17/2023,12/17/2023,MAA,HYD,20:49,12:30
INV-ZZ-6712365,SCH-ZZ-7992875,Boeing 777,12/10/2023,12/10/2023,LKO,IDR,4:02,20:34
INV-ZZ-4635068,SCH-ZZ-7992875,Boeing 777,12/11/2023,12/11/2023,LKO,IDR,20:09,22:12
INV-ZZ-4928666,SCH-ZZ-7992875,Boeing 777,12/12/2023,12/12/2023,LKO,IDR,23:47,2:27
INV-ZZ-6275470,SCH-ZZ-7992875,Boeing 777,12/13/2023,12/13/2023,LKO,IDR,13:33,9:22
INV-ZZ-4418641,SCH-ZZ-9900243,Boeing 767,12/08/2023,12/08/2023,CCJ,GAU,19:45,22:07
INV-ZZ-5287616,SCH-ZZ-9900243,Boeing 767,12/09/2023,12/09/2023,CCJ,GAU,2:21,23:44
INV-ZZ-8053149,SCH-ZZ-9900243,Boeing 767,12/11/2023,12/11/2023,CCJ,GAU,6:47,14:05
INV-ZZ-2953205,SCH-ZZ-5356553,Boeing 787,12/07/2023,12/07/2023,CNN,MAA,4:53,7:29
INV-ZZ-5102252,SCH-ZZ-5356553,Boeing 787,12/09/2023,12/09/2023,CNN,MAA,10:23,20:48
INV-ZZ-3444962,SCH-ZZ-5356553,Boeing 787,12/10/2023,12/10/2023,CNN,MAA,16:53,21:53
INV-ZZ-6300117,SCH-ZZ-6629838,Boeing 787,12/06/2023,12/06/2023,COK,IDR,10:45,18:58
INV-ZZ-2692200,SCH-ZZ-6629838,Boeing 787,12/10/2023,12/10/2023,COK,IDR,23:30,21:28
INV-ZZ-7383738,SCH-ZZ-6629838,Boeing 787,12/11/2023,12/11/2023,COK,IDR,7:35,21:24
INV-ZZ-6685462,SCH-ZZ-6629838,Boeing 787,12/13/2023,12/13/2023,COK,IDR,5:27,21:31
INV-ZZ-1730435,SCH-ZZ-3933513,BAe 146,12/14/2023,12/14/2023,PNQ,CNN,2:05,3:05
INV-ZZ-2692884,SCH-ZZ-3933513,BAe 146,12/16/2023,12/16/2023,PNQ,CNN,6:25,21:34
INV-ZZ-9163353,SCH-ZZ-3933513,BAe 146,12/17/2023,12/17/2023,PNQ,CNN,8:16,4:53
INV-ZZ-4685897,SCH-ZZ-3933513,BAe 146,12/18/2023,12/18/2023,PNQ,CNN,13:27,10:37
INV-ZZ-6022794,SCH-ZZ-3933513,BAe 146,12/19/2023,12/19/2023,PNQ,CNN,8:21,16:34